id,name,gdrive_id,gdrive_link
1,version_1.0,1CW1DPajYIh-xkUhtGIJ0pkbyez_LC4z0,https://drive.google.com/file/d/1CW1DPajYIh-xkUhtGIJ0pkbyez_LC4z0/view?usp=sharing
2,version_2.0,14Q6iLv7_igK1761BUG3yBZ04N11YthVY,https://drive.google.com/file/d/14Q6iLv7_igK1761BUG3yBZ04N11YthVY/view?usp=sharing
3,version_2.1,1NS3boQlglUI2QaJV-mmzlZ0vLqsbIvxH,https://drive.google.com/file/d/1NS3boQlglUI2QaJV-mmzlZ0vLqsbIvxH/view?usp=sharing
4,version_3.0,1XYkB4GrGiwnxA5a0CheF6CuYBjd9im0-,https://drive.google.com/file/d/1XYkB4GrGiwnxA5a0CheF6CuYBjd9im0-/view?usp=share_link
5,version_3.1,1mVsbaWc4ZvAHLtfs3HdvNpQKBgl-2Lat,https://drive.google.com/file/d/1mVsbaWc4ZvAHLtfs3HdvNpQKBgl-2Lat/view?usp=share_link
6,version_3.2,1X5awZAgQHHBAdq-4Os6uAAux4CibSouL,https://drive.google.com/file/d/1X5awZAgQHHBAdq-4Os6uAAux4CibSouL/view?usp=share_link
7,version_3.3,10ibWlZvH-U1W8_PT89HsDN0ZeRFa03C0,https://drive.google.com/file/d/10ibWlZvH-U1W8_PT89HsDN0ZeRFa03C0/view?usp=share_link
8,version_4.0,11Oan4blE5fVlGrRFvBq6oxilPnGrOLiE,https://drive.google.com/file/d/11Oan4blE5fVlGrRFvBq6oxilPnGrOLiE/view?usp=share_link
9,version_4.1,1TARZ_TBXMt0sP7oJkXW7-w2m1-9FodmQ,https://drive.google.com/file/d/1TARZ_TBXMt0sP7oJkXW7-w2m1-9FodmQ/view?usp=share_link
